feature,vif
car_age,6.384463410052183
year,5.183499083942365
odometer,1.3051235133356636
